"测试结果"	"职业分类"	"职业项"	"所需专业及代码"
"ENTJ
"	"商业"		
		"经理"	"行政管理120402，行政管理650203，人力资源管理120206，人力资源管理650204，管理科学120106"
		"高级主管"	"电子商务类1208，电信商务590351，国际商务620305，商务管理620503，移动商务620519"
		"办公室经理"	"行政管理120402，行政管理650203，人力资源管理120206，人力资源管理650204，管理科学120106"
		"行政管理人"	"市场管理与服务620511，市场营销120202，市场营销类6204，市场营销620401，市场营销类其他专业620499"
		"人事经理"	"行政管理120402，行政管理650203，人力资源管理120206，人力资源管理650204，管理科学120106"
		"销售经理"	"市场管理与服务620511，市场营销120202，市场营销类6204，市场营销620401，市场营销类其他专业620499"
		"营销经理"	"市场管理与服务620511，市场营销120202，市场营销类6204，市场营销620401，市场营销类其他专业620499"
		"网络一体化专家(电讯)"	"计算机0809，电子商务1208"
		"技术培训人员"	"电子807，通信类5903，计算机0809，电子商务1208"
		"信息服务——新业务开发人"	"电子807，通信类5903，计算机0809，电子商务1208"
		"后勤顾问(生产)"	"物流管理与工程类1206，物流管理120601，物流工程120602，物流管理620505"
		"广告业务经理"	"市场管理与服务620511，市场营销120202，市场营销类6204，市场营销620401，市场营销类其他专业620499"
		"管理顾问：电脑／信息服务，营销，机构重组"	"行政管理120402，行政管理650203，人力资源管理120206，人力资源管理650204，管理科学120106"
		"营销经理：广播／电视／有线播放行业"	"市场管理与服务620511，市场营销120202，市场营销类6204，市场营销620401，市场营销类其他专业620499"
		"媒体策划／买主"	"文化创意与策划660153，戏剧影视导演130306，戏剧影视表演670209，广播影视类6703，广播电视学050302，广播电视工程080707，广播电视编导130305，广播电视技术670301"
		"国际销售和营销"	"市场管理与服务620511，市场营销120202，市场营销类6204，市场营销620401，市场营销类其他专业620499"
		"特许权所有人"	
		"销售经理：制药业"	"市场管理与服务620511，市场营销120202，市场营销类6204，市场营销620401，市场营销类其他专业620499"
		"管理人：健康服务
"	"藏医学100503，中医学类1005，针灸推拿学100502，蒙医学100504，维医学100505，壮医学100506，哈医学100508，中医康复学100510，中医儿科学100512，中西医结合类1006，中西医临床医学100601，中医养生保健630420，中医康复技术630420"
	"金融"		
		"个人财务设计人"	"审计实务620207，审计学120208，财务管理620201，财务会计类其他专业620299，财政金融类其他专业620199，财务会计类6202，财务管理120204，会计学120209"
		"经济分析家"	"审计实务620207，审计学120208，财务管理620201，财务会计类其他专业620299，财政金融类其他专业620199，财务会计类6202，财务管理120204，会计学120209"
		"抵押经纪人"	
		"信用调查员"	"审计实务620207，审计学120208，财务管理620201，财务会计类其他专业620299，财政金融类其他专业620199，财务会计类6202，财务管理120204，会计学120209"
		"股票经纪人"	"审计实务620207，审计学120208，财务管理620201，财务会计类其他专业620299，财政金融类其他专业620199，财务会计类6202，财务管理120204，会计学120203，金融数学020305"
		"投资银行家"	"财务会计类其他专业620299，财务会计类6202，财务管理120204，会计学120203，金融学类0203，金融学020301，金融工程020302，金融数学020305，经济与金融020307，财政金融类6201，金融管理与实务620103，财政金融类其他专业620199"
		"公司财务律师"	"法律执行类6902，法律实务类其他专业690199，法律执行类其他专业690299，法律69，法律实务类6901，司法助理690101"
		"国际银行家"	"财务会计类其他专业620299，财务会计类6202，财务管理120204，会计学120203，金融学类0203，金融学020301，金融工程020302，金融数学020305，经济与金融020307，财政金融类6201，金融管理与实务620103，财政金融类其他专业620199"
		"经济学家
"	"金融学类0203，金融学020301，金融工程020302，金融数学020305，经济与金融020307，财政金融类6201，金融管理与实务620103，财政金融类其他专业620199"
	"咨询／培训"		
		"商业顾问"	"财务会计类其他专业620299，财务会计类6202，财务管理120204，会计学120203，金融学类0203，金融学020301，金融工程020302，金融数学020305，经济与金融020307，财政金融类6201，金融管理与实务620103，财政金融类其他专业620199"
		"管理顾问"	"行政管理120402，行政管理650203，人力资源管理120206，人力资源管理650204，管理科学120106"
		"教育顾问"	"教育学04，教育学类0401，教育学040101，科学教育040102，人文教育040103，教育技术学040104，应用心理学071102，心理学类0711，心理学071102"
		"项目设计人"	"行政管理120402，行政管理650203，人力资源管理120206，人力资源管理650204，管理科学120101"
		"管理培训人"	"行政管理120402，行政管理650203，人力资源管理120206，人力资源管理650204，管理科学120101"
		"就业开发专家"	"教育学04，教育学类0401，教育学040101，科学教育040102，人文教育040103，教育技术学040104，应用心理学071102，心理学类0711，心理学071102"
		"劳工关系"	"行政管理650203，人力资源管理120206，人力资源管理650204，管理科学120101"
		"电信安全顾问"	"电信工程及管理080715，程控交换技术590304"
		"公司工作小组培训人
"	"人力资源管理120206，人力资源管理650204，管理科学120101"
	"专业性职业"		
		"律师"	"法律执行类6902，法律实务类其他专业690199，法律执行类其他专业690299，法律69，法律实务类6901，司法助理690101"
		"法官"	"法律执行类6902，法律实务类其他专业690199，法律执行类其他专业690299，法律69，法律实务类6901，司法助理690101"
		"心理学家"	"应用心理学071102，心理学类0711，心理学071102"
		"科学／社会科学教师"	"教育学04，教育学类0401，教育学040101，科学教育040102，人文教育040103，教育技术学040104，应用心理学071102，心理学类0711，心理学071102"
		"化学工程师"	"化学类0703，化工技术类及其专业530299，应用化学070302，化工技术类及其专业530299，应用化工技术530201，化工技术类其他专业530299"
		"知识产权律师"	"法律执行类6902，法律实务类其他专业690199，法律执行类其他专业690299，法律69，法律实务类6901，司法助理690101"
		"生物医学工程师"	"生物医学工程类0826，生物医学工程082602"
		"精神病学家"	"精神医学100205"
		"环境工程师
"	"环境工程082502，环保类6001"
"ENFP
"			
	"创造性职业"		
		"记者"	"新闻传播学类0503，新闻学050301，新闻采编与制作670308，网络新闻与传播670316"
		"编剧或剧作家"	"戏剧与影视学类1303，戏剧学130302，戏剧影视导演130306，戏剧影视表演670209"
		"专栏作家"	"戏剧与影视学类1303，戏剧学130302，戏剧影视导演130306，戏剧影视表演670209"
		"性格演员"	"戏剧与影视学类1303，戏剧学130302，戏剧影视导演130306，戏剧影视表演670209"
		"音乐家或作曲家"	"音乐与舞蹈学类1302，音乐学130202，音乐表演130201"
		"新闻广播员"	"广播影视类6703，广播电视学050302，广播电视工程080707，广播电视编导130305，广播电视技术670301"
		"室内装潢人"	"室内设计技术560104，室内艺术设计670136，装潢设计与工艺教育040330"
		"卡通制作人"	"动画130310"
		"艺术家"	"艺术学理论类1301，艺术设计学130501，艺术教育660242，艺术设计类6701，艺术设计670101，产品艺术设计670102，"
		"报道人或编辑"	"新闻传播学类0503，新闻学050301，新闻采编与制作670308，网络新闻与传播670316"
		"杂志报道人或编辑"	"新闻传播学类0503，新闻学050301，新闻采编与制作670308，网络新闻与传播670316"
		"信息图片设计师
"	"工艺美术品设计与制作670134，设计学类1305"
	"营销／计划"		
		"公关专家"	"市场管理与服务620511，市场营销120202，市场营销类6204，市场营销620401，市场营销类其他专业620499"
		"营销顾问"	"市场管理与服务620511，市场营销120202，市场营销类6204，市场营销620401，市场营销类其他专业620499"
		"广告业务经理"	"市场管理与服务620511，市场营销120202，市场营销类6204，市场营销620401，市场营销类其他专业620499"
		"广告撰稿人或公共写作人"	"工商企业管理620501，信息传播与策划670312，文化创意与策划660153，广告策划与营销620407"
		"广告创意指导"	"工商企业管理620501，信息传播与策划670312，文化创意与策划660153，广告策划与营销620407"
		"战略策划人"	"工商企业管理620501，信息传播与策划670312，文化创意与策划660153，广告策划与营销620407"
		"报刊宣传员"	"工商企业管理620501，信息传播与策划670312，文化创意与策划660153，广告策划与营销620407"
		"调研助理"	"工商企业管理620501，信息传播与策划670312，文化创意与策划660153，广告策划与营销620407"
		"编辑或艺术指导(杂志)
"	"艺术学理论类1301，艺术设计学130501，艺术教育660242，艺术设计类6701，艺术设计670101，产品艺术设计670102，"
	"教育／咨询"		
		"特殊教育老师"	"教育学04，教育学类0401，教育学040101，科学教育040102，人文教育040103，教育技术学040104，应用心理学071102，心理学类0711，心理学071102"
		"双语种教育老师"	"教育学04，教育学类0401，教育学040101，科学教育040102，人文教育040103，教育技术学040104，应用心理学071102，心理学类0711，心理学071102"
		"早期儿童教育老师"	"教育学04，教育学类0401，教育学040101，科学教育040102，人文教育040103，教育技术学040104，应用心理学071102，心理学类0711，心理学071102"
		"艺术戏剧、音乐及英语老师"	"教育学04，教育学类0401，教育学040101，科学教育040102，人文教育040103，教育技术学040104，应用心理学071102，心理学类0711，心理学071102"
		"儿童福利顾问"	"教育学04，教育学类0401，教育学040101，科学教育040102，人文教育040103，教育技术学040104，应用心理学071102，心理学类0711，心理学071102"
		"酒精毒品禁戒顾问"	"教育学04，教育学类0401，教育学040101，科学教育040102，人文教育040103，教育技术学040104，应用心理学071102，心理学类0711，心理学071102"
		"社会工作者(老年人及儿童日常照顾问题)"	"教育学04，教育学类0401，教育学040101，科学教育040102，人文教育040103，教育技术学040104，应用心理学071102，心理学类0711，心理学071102"
		"发展指导"	"教育学04，教育学类0401，教育学040101，科学教育040102，人文教育040103，教育技术学040104，应用心理学071102，心理学类0711，心理学071102"
		"职业顾问"	"教育学04，教育学类0401，教育学040101，科学教育040102，人文教育040103，教育技术学040104，应用心理学071102，心理学类0711，心理学071102"
		"住宅安居指挥"	
		"民意调查员"	
		"主教顾问"	"教育学04，教育学类0401，教育学040101，科学教育040102，人文教育040103，教育技术学040104，应用心理学071102，心理学类0711，心理学071102"
		"康复中心工作人员"	"临床医学类1002，临床医学100201，医学10，基础医学类1001，基础医学100125"
		"社会学家"	"社会学类0303，社会学030301"
		"心理学家
"	"应用心理学071102，心理学类0711，心理学071102"
	"健康护理／社会服务"		
		"营养学家"	"医学营养630407，营养配餐640204，烹饪与营养教育082708，食品卫生与营养学100402，食品营养与卫生610318"
		"语言病理学家或听觉学家"	"临床医学类1002，临床医学100201，医学10，基础医学类1001，基础医学100110"
		"全面健康医生"	"临床医学类1002，临床医学100201，医学10，基础医学类1001，基础医学100125"
		"按摩治疗专家"	"临床医学类1002，临床医学100201，医学10，基础医学类1001，基础医学100110"
		"雇员辅助计划顾问"	"临床医学类1002，临床医学100201，医学10，基础医学类1001，基础医学100110"
		"理疗专家"	"临床医学类1002，临床医学100201，医学10，基础医学类1001，基础医学100125"
		"法律调停人
"	"法律执行类6902，法律实务类其他专业690199，法律执行类其他专业690299，法律69，法律实务类6901，司法助理690101"
	"企业家／商业"		
		"顾问"	"行政管理120402，行政管理650203，人力资源管理120206，人力资源管理650204，管理科学120106"
		"发明家"	
		"无形商品或点子的销售"	"市场管理与服务620511，市场营销120202，市场营销类6204，市场营销620401，市场营销类其他专业620499"
		"人力资源经理"	"人力资源管理120206，人力资源管理650204，管理科学120101"
		"人力资源发展训练人"	"人力资源管理120206，人力资源管理650204，管理科学120101"
		"会议安排人"	"人力资源管理120206，人力资源管理650204，管理科学120101"
		"雇佣发展专家"	"行政管理120402，行政管理650203，人力资源管理120206，人力资源管理650204，管理科学120101"
		"饭店老板"	
		"管理顾问：转变管理体制或合作组构建或管理多样化"	"行政管理120402，行政管理650203，人力资源管理120206，人力资源管理650204，管理科学120106"
		"公司或小组培训人"	"行政管理120402，行政管理650203，人力资源管理120206，人力资源管理650204，管理科学120106"
		"人力资源多样化管理人"	"人力资源管理120206，人力资源管理650204，管理科学120101"
		"广告业务管理人或经理"	"行政管理120402，行政管理650203，人力资源管理120206，人力资源管理650204，管理科学120101"
		"公关专家"	"市场管理与服务620511，市场营销120202，市场营销类6204，市场营销620401，市场营销类其他专业620499"
		"营销主管：广播或电视或有线转播业"	"市场管理与服务620511，市场营销120202，市场营销类6204，市场营销620401，市场营销类其他专业620499"
		"调职顾问"	
		"环境法律师
"	"环境工程082502，环保类6001"
"ENFJ 
"			
	"交流性职业"		
		"广告销售主管"	"市场管理与服务620511，市场营销120202，市场营销类6204，市场营销620401，市场营销类其他专业620499"
		"公共关系专家"	"公共管理类1204，公共关系学120409，公共事业类6501，公共关系650105"
		"对外交流董事"	"公共管理类1204，公共关系学120409，公共事业类6501，公共关系650105"
		"作家／新闻工作者"	"新闻传播学类0503，新闻学050301，新闻采编与制作670308，网络新闻与传播670316"
		"娱乐表演者／艺术家"	"艺术学理论类1301，艺术设计学130501，艺术教育660242，艺术设计类6701，艺术设计670101，产品艺术设计670102，"
		"资金筹备人"	
		"招聘人员"	"人力资源管理120206，人力资源管理650204，管理科学120101"
		"娱乐业导演"	"戏剧与影视学类1303，戏剧学130302，戏剧影视导演130306，戏剧影视表演670209，广播影视类6703，广播电视学050302，广播电视工程080707，广播电视编导130305，广播电视技术67030"
		"电视制片人"	"文化创意与策划660153，戏剧影视导演130306，戏剧影视表演670209，广播影视类6703，广播电视学050302，广播电视工程080707，广播电视编导130305，广播电视技术670301"
		"新闻广播员"	"新闻传播学类0503，新闻学050301，新闻采编与制作670308，网络新闻与传播670316"
		"政客"	
		"信息制图设计人"	"工艺美术品设计与制作670134，设计学类1305"
		"营销经理(电台、电视、有线播放行业)"	"市场管理与服务620511，市场营销120202，市场营销类6204，市场营销620401，市场营销类其他专业620499"
		"编辑(杂志)
"	"新闻传播学类0503，新闻学050301，新闻采编与制作670308，网络新闻与传播670316"
	"咨询顾问"		
		"心理医生"	"教育学04，教育学类0401，教育学040101，科学教育040102，人文教育040103，教育技术学040104，应用心理学071102，心理学类0711，心理学071102"
		"职业顾问"	"人力资源管理120206，人力资源管理650204，管理科学120101"
		"牧师／教士"	
		"翻译／口译"	"英语050201，应用外语660156，英语教育660203"
		"雇员帮助顾问"	"人力资源管理120206，人力资源管理650204，管理科学120101"
		"便利促进人"	
		"私人顾问"	"行政管理650203，人力资源管理120206，人力资源管理650204，管理科学120101"
		"公司公共活动顾问"	"公共管理类1204，公共关系学120409，公共事业类6501，公共关系650105"
		"酒精和毒品戒禁顾问
"	
	"教育／社会服务职业"		
		"教师：卫生健康／艺术／戏剧／英文"	"教育学04，教育学类0401，教育学040101，科学教育040102，人文教育040103，教育技术学040104，应用心理学071102，心理学类0711，心理学071102"
		"学生的系主任"	"教育学04，教育学类0401，教育学040101，科学教育040102，人文教育040103，教育技术学040104，应用心理学071102，心理学类0711，心理学071102"
		"大学教授：人文学科"	"教育学04，教育学类0401，教育学040101，科学教育040102，人文教育040103，教育技术学040104，应用心理学071102，心理学类0711，心理学071102"
		"儿童福利工作者"	"教育学04，教育学类0401，教育学040101，科学教育040102，人文教育040103，教育技术学040104，应用心理学071102，心理学类0711，心理学071102"
		"图书馆管理员"	"教育学04，教育学类0401，教育学040101，科学教育040102，人文教育040103，教育技术学040104，应用心理学071102，心理学类0711，心理学071102"
		"社会工作者"	"公共管理类1204，公共关系学120409，公共事业类6501，公共关系650105"
		"特殊教育教师"	"教育学04，教育学类0401，教育学040101，科学教育040102，人文教育040103，教育技术学040104，应用心理学071102，心理学类0711，心理学071102"
		"双语种教育老师"	"教育学04，教育学类0401，教育学040101，科学教育040102，人文教育040103，教育技术学040104，应用心理学071102，心理学类0711，心理学071102"
		"老年人社会工作者"	"公共管理类1204，公共关系学120409，公共事业类6501，公共关系650105"
		"住宅安居指导"	
		"非盈利性组织的指导者"	"行政管理120402，行政管理650203，人力资源管理120206，人力资源管理650204，管理科学120106"
		"早期教育教师
"	"教育学04，教育学类0401，教育学040101，科学教育040102，人文教育040103，教育技术学040104，应用心理学071102，心理学类0711，心理学071102"
	"健康护理职业"		
		"全面健康医生(可替代药物)"	"临床医学类1002，临床医学100201，医学10，基础医学类1001，基础医学100110"
		"饮食学家/营养学家"	"医学营养630407，营养配餐640204，烹饪与营养教育082708，食品卫生与营养学100402，食品营养与卫生610318"
		"语言障碍病理学家/听觉病理学家"	"临床医学类1002，临床医学100201，医学10，基础医学类1001，基础医学100110"
		"职业治疗医生
"	"临床医学类1002，临床医学100201，医学10，基础医学类1001，基础医学100110"
	"商业/咨询职业"		
		"开发人力资源的培训员"	"人力资源管理120206，人力资源管理650204，管理科学120101"
		"推销培训员"	"市场管理与服务620511，市场营销120202，市场营销类6204，市场营销620401，市场营销类其他专业620499"
		"招聘人员"	"行政管理120402，行政管理650203，人力资源管理120206，人力资源管理650204，管理科学120101"
		"旅游代理人"	
		"小型企业经理"	"行政管理120402，行政管理650203，人力资源管理120206，人力资源管理650204，管理科学120101"
		"项目设计人"	"工商企业管理620501，信息传播与策划670312，文化创意与策划660153，广告策划与营销620407"
		"销售经理"	"市场管理与服务620511，市场营销120202，市场营销类6204，市场营销620401，市场营销类其他专业620499"
		"调职顾问"	
		"公司/工作小组的培训员"	"教育学04，教育学类0401，教育学040101，科学教育040102，人文教育040103，教育技术学040104，应用心理学071102，心理学类0711，心理学071102"
		"生态旅行专家"	"环境工程082502，环保类6001"
		"管理顾问
"	"行政管理120402，行政管理650203，人力资源管理120206，人力资源管理650204，管理科学120101"
"ISTP
"			
	"销售部门／服务部门／劳改部门"		
		"警员或劳教人员"	
		"赛车手"	
		"飞机驾驶员"	
		"武器操作员"	
		"猎人"	
		"情报人员"	
		"司法官"	
		"消防员"	
		"调查员"	
		"运动器材商品推销"	
		"药品推销"	"药学类其他专业630399，蒙药学630306，藏药学630307，中药鉴定与质量检测技术630304，现代中药技术630305，药学类6303，药学630301，中药630302，维药学630303，药物化学100706，中药学100801，药物分析100705，药学类1007，药学100701，药物制剂100710"
		"私人调查或私人侦探
"	"法律执行类6902，法律实务类其他专业690199，法律执行类其他专业690299，法律69，法律实务类6901，司法助理690101"
	"技术部门"		
		"电器设备专家"	"电子807，机电一体化580201，机械制造580102，机械类0802，机械工程080201"
		"信息产业开发人员"	"电子807，通信类5903"
		"技术培训人员——一对一设置的"	
		"后勤和供给制造商或经理"	"物流管理与工程类1206，物流管理120601，物流工程120602，物流管理620505"
		"网络调查专家(通讯部门)"	"电子807，通信类5903，计算机0809，电子商务1208"
		"电脑程序设计师"	"电子807，通信类5903，计算机0809，电子商务1208"
		"海洋生物学家"	"海洋科学类0707，水文地质与勘查技术540105，水文与水资源工程081102，水文与工程地质540203，水文与水资源类其他专业570199，水文与水资源类5701"
		"电器工程师、机械工程师、土木工程师
"	"电子807，机电一体化580201，机械制造580102，机械类0802，机械工程080201，土木类0810，土木工程081001，土木工程检测技术560304"
	"健康护理业"		
		"心电图专家或技师"	
		"透射技师"	
		"急救医生"	"临床医学类1002，临床医学100201，医学10，基础医学类1001，基础医学100110"
		"运动保健医生"	"临床医学类1002，临床医学100201，医学10，基础医学类1001，基础医学100125"
		"牙医牙科助理
"	"临床医学类1002，临床医学100201，医学10，基础医学类1001，基础医学100125"
	"商业／金融业"		
		"证券分析家"	"审计实务620207，审计学120208，财务管理620201，财务会计类其他专业620299，财政金融类其他专业620199，财务会计类6202，财务管理120204，会计学120203，金融数学020305"
		"采购员"	
		"办公室管理人员"	"行政管理650203，人力资源管理120206，人力资源管理650204，管理科学120101"
		"银行家"	"金融学类0203，金融学020301，金融工程020302，金融数学020305，经济与金融020307，财政金融类6201，金融管理与实务620103，财政金融类其他专业620199"
		"经济学家"	"金融学类0203，金融学020301，金融工程020302，金融数学020305，经济与金融020307，财政金融类6201，金融管理与实务620103，财政金融类其他专业620199"
		"法律顾问"	"法律执行类6902，法律实务类其他专业690199，法律执行类其他专业690299，法律69，法律实务类6901，司法助理690101"
		"业务顾问"	"法律执行类6902，法律实务类其他专业690199，法律执行类其他专业690299，法律69，法律实务类6901，司法助理690101"
		"律师帮办
"	"法律执行类6902，法律实务类其他专业690199，法律执行类其他专业690299，法律69，法律实务类6901，司法助理690101"
	"贸易部门"		
		"计算机维修"	"计算机0809，软件工程080902，计算机应用技术590101，计算机类其他专业590199，计算机科学与技术080901"
		"飞机技师"	"飞行技术081805，飞行器设计与工程082002，飞行器维修技术520516，飞行器制造工程082003，飞行器动力工程082004，飞行器质量与可靠性082006,飞行器制造技术520513"
		"农场人员"	
		"教练"	
		"木工"	
		"汽车部件零售商"	"机械设计5801，汽车类5804，汽车造型技术580416，汽车改装技术580404，市场管理与服务620511，市场营销120202，市场营销类6204，市场营销620401，市场营销类其他专业620499"
		"商业家
"	"市场管理与服务620511，市场营销120202，市场营销类6204，市场营销620401，市场营销类其他专业620499"
"ISTJ
"			
	"商业"		
		"审计员"	"审计实务620207，审计学120208，财务管理620201，财务会计类其他专业620299，财政金融类其他专业620199，财务会计类6202，财务管理120204，会计学120208"
		"公司经理"	"行政管理120402，行政管理650203，人力资源管理120206，人力资源管理650204，管理科学120101"
		"会计"	"审计实务620207，审计学120208，财务管理620201，财务会计类其他专业620299，财政金融类其他专业620199，财务会计类6202，财务管理120204，会计学120209"
		"管理者／监督人"	"行政管理120402，行政管理650203，人力资源管理120206，人力资源管理650204，管理科学120101"
		"文字信息处理专家"	"计算机0809，软件工程080902，计算机应用技术590101，计算机类其他专业590199，计算机科学与技术080901"
		"效率专家／效率分析者"	
		"保险业主(保险商)"	"保险学020303，保险实务620107，机动车保险实务620121，法律执行类6902，法律实务类其他专业690199，法律执行类其他专业690299，法律69，法律实务类6901，司法助理690101，金融学类0203，金融学020301，金融工程020302，金融数学020305，经济与金融020307，财政金融类6201，金融管理与实务620103，财政金融类其他专业620199"
		"后勤供给经理"	"物流管理与工程类1206，物流管理120601，物流工程120602，物流管理620505"
		"制定规章制度的官员"	"行政管理120402，行政管理650203，人力资源管理120206，人力资源管理650204，管理科学120101"
		"信息总管"	"计算机0809，软件工程080902，计算机应用技术590101，计算机类其他专业590199，计算机科学与技术080901"
		"会计／保险统计员
"	"财务会计类其他专业620299，财务会计类6202，财务管理120204，会计学120203，金融学类0203，金融学020301，金融工程020302，金融数学020305，经济与金融020307，财政金融类6201，金融管理与实务620103，财政金融类其他专业620199"
	"销售／服务"		
		"警察局高级职员／侦探"	
		"情报检索服务社代理人"	
		"政府雇员"	
		"陆军军官"	
		"管教人员"	
		"房地产代理商"	"市场管理与服务620511，市场营销120202，市场营销类6204，市场营销620401，市场营销类其他专业620499"
		"体育设备／商品销售商"	"市场管理与服务620511，市场营销120202，市场营销类6204，市场营销620401，市场营销类其他专业620499"
		"教养所所长
"	
	"金融"		
		"银行查帐员"	"审计实务620207，审计学120208，财务管理620201，财务会计类其他专业620299，财政金融类其他专业620199，财务会计类6202，财务管理120204，会计学120203，金融数学020305"
		"投资担保人"	"审计实务620207，审计学120208，财务管理620201，财务会计类其他专业620299，财政金融类其他专业620199，财务会计类6202，财务管理120204，会计学120203，金融数学020305"
		"税收监察员"	"审计实务620207，审计学120208，财务管理620201，财务会计类其他专业620299，财政金融类其他专业620199，财务会计类6202，财务管理120204，会计学120203，金融数学020305"
		"预算分析员"	"审计实务620207，审计学120208，财务管理620201，财务会计类其他专业620299，财政金融类其他专业620199，财务会计类6202，财务管理120204，会计学120203，金融数学020305"
		"股票经纪人"	"金融学类0203，金融学020301，金融工程020302，金融数学020305，经济与金融020307，财政金融类6201，金融管理与实务620103，财政金融类其他专业620199"
		"房地产策划"	"工商企业管理620501，信息传播与策划670312，文化创意与策划660153，广告策划与营销620407"
		"信贷分析员
"	"审计实务620207，审计学120208，财务管理620201，财务会计类其他专业620299，财政金融类其他专业620199，财务会计类6202，财务管理120204，会计学120208"
	"教育"		"教育学04，教育学类0401，教育学040101，科学教育040102，人文教育040103，教育技术学040104，应用心理学071102，心理学类0711，心理学071102"
		"学校校长"	"教育学04，教育学类0401，教育学040101，科学教育040102，人文教育040103，教育技术学040104，应用心理学071102，心理学类0711，心理学071102"
		"教师：技术／工业／数学／物理"	"教育学04，教育学类0401，教育学040101，科学教育040102，人文教育040103，教育技术学040104，应用心理学071102，心理学类0711，心理学071102"
		"图书管理员"	"教育学04，教育学类0401，教育学040101，科学教育040102，人文教育040103，教育技术学040104，应用心理学071102，心理学类0711，心理学071102"
		"管理者
"	"教育学04，教育学类0401，教育学040101，科学教育040102，人文教育040103，教育技术学040104，应用心理学071102，心理学类0711，心理学071102"
	"法律／技术"		
		"法律调查员"	"法律执行类6902，法律实务类其他专业690199，法律执行类其他专业690299，法律69，法律实务类6901，司法助理690101"
		"律师秘书"	"法律执行类6902，法律实务类其他专业690199，法律执行类其他专业690299，法律69，法律实务类6901，司法助理690101"
		"电工"	
		"工程师"	"环境工程082502，环保类6001"
		"机械师"	"机械制造580102，机电一体化580201，汽车类5804，制冷550205，机械类802"
		"计算机程序设计员"	"计算机0809，软件工程080902，计算机应用技术590101，计算机类其他专业590199，计算机科学与技术080901"
		"科学作家"	"戏剧与影视学类1303，戏剧学130302，戏剧影视导演130306，戏剧影视表演670209"
		"律师秘书／律师专职助手"	"法律执行类6902，法律实务类其他专业690199，法律执行类其他专业690299，法律69，法律实务类6901，司法助理690101"
		"药品经销商／调查员"	"市场管理与服务620511，市场营销120202，市场营销类6204，市场营销620401，市场营销类其他专业620499"
		"脑电图技术专家／技师"	"计算机0809，软件工程080902"
		"地质学家"	"矿产地质与勘察540106，地质类0814，矿物资源工程081505，采矿工程081501"
		"气象学家"	"气象类6002，应用气象学070602，应用气象技术600203"
		"航空机械师"	"飞行技术081805，飞行器设计与工程082002，飞行器维修技术520516"
		"机械／工业／电子工程师"	"机械制造580102，机电一体化580201，汽车类5804，制冷550205，机械类802"
		"农业科学家
"	"农学090101，水土保持与荒漠化防治090203，土地整治工程082306，农业工程类0823，农业机械化及其自动化082302，农业技术类5101，农业技术类其他专业510199"
	"保健"		
		"兽医"	"动物药学090402，动物医学510310，动物医学类0904，动物医学090401"
		"普通外科医师"	"临床医学类1002，临床医学100201，医学10，基础医学类1001，基础医学100110"
		"牙医"	"临床医学类1002，临床医学100201，医学10，基础医学类1001，基础医学100125"
		"护理指导员"	"藏医学100503，中医学类1005，针灸推拿学100502，蒙医学100504，维医学100505，壮医学100506，哈医学100508，中医康复学100510，中医儿科学100512，中西医结合类1006，中西医临床医学100601，中医养生保健630420，中医康复技术630420"
		"保健指导员"	"藏医学100503，中医学类1005，针灸推拿学100502，蒙医学100504，维医学100505，壮医学100506，哈医学100508，中医康复学100510，中医儿科学100512，中西医结合类1006，中西医临床医学100601，中医养生保健630420，中医康复技术630420"
		"药剂师"	"药学类其他专业630399，蒙药学630306，藏药学630307，中药鉴定与质量检测技术630304，现代中药技术630305，药学类6303，药学630301，中药630302，维药学630303，药物化学100706，中药学100801，药物分析100705，药学类1007，药学100701，药物制剂100710"
		"实验室技术人员"	"药学类其他专业630399，蒙药学630306，藏药学630307，中药鉴定与质量检测技术630304，现代中药技术630305，药学类6303，药学630301，中药630302，维药学630303，药物化学100706，中药学100801，药物分析100705，药学类1007，药学100701，药物制剂100710"
		"医学研究者"	"临床医学类1002，临床医学100201，医学10，基础医学类1001，基础医学100110"
		"最初保健护理医师"	"藏医学100503，中医学类1005，针灸推拿学100502，蒙医学100504，维医学100505，壮医学100506，哈医学100508，中医康复学100510，中医儿科学100512，中西医结合类1006，中西医临床医学100601，中医养生保健630420，中医康复技术630420"
		"生物学和医学技术专家"	"生物医学工程类0826，生物医学工程082602"
		"运动生理学家"	"生物医学工程类0826，生物医学工程082602"
		"药剂师／配药技术员
"	"药学类其他专业630399，蒙药学630306，藏药学630307，中药鉴定与质量检测技术630304，现代中药技术630305，药学类6303，药学630301，中药630302，维药学630303，药物化学100706，中药学100801，药物分析100705，药学类1007，药学100701，药物制剂100710"
"ISFP
"			
	"工艺部门"		
		"时装设计"	"工艺美术品设计与制作670134，工业设计580109，服装设计与工程081602，服装设计与工艺610211"
		"木匠"	
		"珠宝商"	
		"园艺匠"	"风景园林082803，园林090502，园林技术510202，园林工程技术560106，风景园林设计560107"
		"织毯工人"	
		"陶工"	
		"漆匠"	
		"舞蹈员"	"音乐与舞蹈学类1302，舞蹈表演130204，舞蹈学130205，舞蹈编导130206，舞蹈编导670212，舞蹈表演670203"
		"设计人员：内容／背景"	"工艺美术品设计与制作670134，工业设计580109，服装设计与工程081602，服装设计与工艺610211"
		"厨师长
"	
	"健康护理部门"		
		"上门服务护士"	"护理630201，护理类6302，护理学类1011，护理学101101"
		"运动专家"	"护理630201，护理类6302，护理学类1011，护理学101101"
		"按摩医生"	"护理630201，护理类6302，护理学类1011，护理学101101"
		"放射技师"	"医学影像技术101003"
		"医务助理"	"临床医学类1002，临床医学100201，医学10，基础医学类1001，基础医学100125"
		"牙科助理／保健医师"	"护理630201，护理类6302，护理学类1011，护理学101101"
		"兽医助理"	"动物药学090402，动物医学510310，动物医学类0904，动物医学090401"
		"动物护理人员／训练人员"	"动物药学090402，动物医学510310，动物医学类0904，动物医学090401"
		"家庭保健助理"	"护理630201，护理类6302，护理学类1011，护理学101101"
		"初级保健大夫"	"护理630201，护理类6302，护理学类1011，护理学101101"
		"饮食专家／营养学家"	"医学营养630407，营养配餐640204，烹饪与营养教育082708，食品卫生与营养学100402，食品营养与卫生610318"
		"验光师／配镜师"	
		"运动心理专家"	"应用心理学071102，心理学类0711，心理学071102"
		"职业疗法医师"	"护理630201，护理类6302，护理学类1011，护理学101101"
		"工艺师"	
		"药剂师"	"药学类其他专业630399，蒙药学630306，藏药学630307，中药鉴定与质量检测技术630304，现代中药技术630305，药学类6303，药学630301，中药630302，维药学630303，药物化学100706，中药学100801，药物分析100705，药学类1007，药学100701，药物制剂100710"
		"呼吸系统专家"	
		"执行医护士
"	"护理630201，护理类6302，护理学类1011，护理学101101"
	"技术工作"		
		"调查员"	
		"计算机操作人员"	"计算机0809，软件工程080902，计算机应用技术590101，计算机类其他专业590199，计算机科学与技术080901"
		"林务员"	"林学类0905，林学090501，林业技术类5102，林业技术类其他专业510299"
		"植物学家"	"植物生产类0901，植物保护090103，植物保护510109，野生植物资源开发与利用510204"
		"地质学家"	"矿产地质与勘察540106，地质类0814，矿物资源工程081505，采矿工程081501"
		"技师"	
		"海洋生物学家
"	"海洋科学类0707，水文地质与勘查技术540105，水文与水资源工程081102，水文与工程地质540203，水文与水资源类其他专业570199，水文与水资源类5701"
	"销售／服务业"		
		"教师：初级(自然科学／艺术)"	"教育学04，教育学类0401，教育学040101，科学教育040102，人文教育040103，教育技术学040104，应用心理学071102，心理学类0711，心理学071102"
		"警察／劳改官员"	
		"紧急热线电话操作员"	
		"清洁服务人员"	
		"仓库保管员"	
		"侍者"	
		"美容师"	
		"旅行用品推销"	"市场管理与服务620511，市场营销120202，市场营销类6204，市场营销620401，市场营销类其他专业620499"
		"优质用户销售代表"	"市场管理与服务620511，市场营销120202，市场营销类6204，市场营销620401，市场营销类其他专业620499"
		"商业计划人员"	
		"体育设备推销"	"市场管理与服务620511，市场营销120202，市场营销类6204，市场营销620401，市场营销类其他专业620499"
		"家用保健品推销"	"藏医学100503，中医学类1005，针灸推拿学100502，蒙医学100504，维医学100505，壮医学100506，哈医学100508，中医康复学100510，中医儿科学100512，中西医结合类1006，中西医临床医学100601，中医养生保健630420，中医康复技术630420"
		"家庭保健护理人员"	"藏医学100503，中医学类1005，针灸推拿学100502，蒙医学100504，维医学100505，壮医学100506，哈医学100508，中医康复学100510，中医儿科学100512，中西医结合类1006，中西医临床医学100601，中医养生保健630420，中医康复技术630420"
		"儿童福利咨询人员"	
		"戒酒戒毒顾问"	
		"社会工作人员
"	"公共管理类1204，公共关系学120409，公共事业类6501，公共关系650105"
	"商业"		
		"记帐员"	
		"司法员"	
		"打字员"	
		"职员监督人员"	
		"经理人员"	"行政管理120402，行政管理650203，人力资源管理120206，人力资源管理650204，管理科学120101"
		"律师帮办
"	"法律执行类6902，法律实务类其他专业690199，法律执行类其他专业690299，法律69，法律实务类6901，司法助理690101"
"ISFJ
"			
	"健康护理部分"		
		"牙医"	
		"家庭运动医生"	"临床医学类1002，临床医学100201，医学10，基础医学类1001，基础医学100110"
		"护士"	"护理630201，护理类6302，护理学类1011，护理学101101"
		"医务技术专家"	"临床医学类1002，临床医学100201，医学10，基础医学类1001，基础医学100110"
		"理疗法专家"	"藏医学100503，中医学类1005，针灸推拿学100502，蒙医学100504，维医学100505，壮医学100506，哈医学100508，中医康复学100510，中医儿科学100512，中西医结合类1006，中西医临床医学100601，中医养生保健630420，中医康复技术630420"
		"医疗设备推销"	"市场管理与服务620511，市场营销120202，市场营销类6204，市场营销620401，市场营销类其他专业620499"
		"提供健康护理人员"	"护理630201，护理类6302，护理学类1011，护理学101101"
		"饮食专家／营养学家"	"医学营养630407，营养配餐640204，烹饪与营养教育082708，食品卫生与营养学100402，食品营养与卫生610318"
		"眼科大夫"	
		"医务记录管理人员"	
		"药剂师／药剂技术人员"	"药学类其他专业630399，蒙药学630306，藏药学630307，中药鉴定与质量检测技术630304，现代中药技术630305，药学类6303，药学630301，中药630302，维药学630303，药物化学100706，中药学100801，药物分析100705，药学类1007，药学100701，药物制剂100710"
		"放射专家"	"医学影像技术101003"
		"呼吸系统专家"	
		"兽医"	"动物药学090402，动物医学510310，动物医学类0904，动物医学090401"
		"有执照行医护士"	"护理630201，护理类6302，护理学类1011，护理学101101"
		"初级保健大夫"	"中医康复学100510，中医儿科学100512，中西医结合类1006，中西医临床医学100601，中医养生保健630420，中医康复技术630420"
		"家庭保健助理"	"中医康复学100510，中医儿科学100512，中西医结合类1006，中西医临床医学100601，中医养生保健630420，中医康复技术630420"
		"医务／牙科助理
"	"护理630201，护理类6302，护理学类1011，护理学101101"
	"社会服务部门／教育部门"		
		"学前教育／初级学校教师"	"教育学04，教育学类0401，教育学040101，科学教育040102，人文教育040103，教育技术学040104，应用心理学071102，心理学类0711，心理学071102"
		"图书馆员／建筑师"	"建筑类0828，建筑学080201，建筑设计类5601"
		"教育管理人员"	"教育学04，教育学类0401，教育学040101，科学教育040102，人文教育040103，教育技术学040104，应用心理学071102，心理学类0711，心理学071102"
		"社会福利工作人员"	"公共管理类1204，公共关系学120409，公共事业类6501，公共关系650105"
		"咨询服务人员"	"公共管理类1204，公共关系学120409，公共事业类6501，公共关系650105"
		"个人咨询人员"	"公共管理类1204，公共关系学120409，公共事业类6501，公共关系650105"
		"宗教教育者"	"教育学04，教育学类0401，教育学040101，科学教育040102，人文教育040103，教育技术学040104，应用心理学071102，心理学类0711，心理学071102"
		"言语病理学家"	"临床医学类1002，临床医学100201，医学10，基础医学类1001，基础医学100110"
		"家庭健康社会服务人员"	"公共管理类1204，公共关系学120409，公共事业类6501，公共关系650105"
		"儿童福利咨询人员"	"教育学04，教育学类0401，教育学040101，科学教育040102，人文教育040103，教育技术学040104，应用心理学071102，心理学类0711，心理学071102"
		"戒酒和戒毒咨询人员"	"教育学04，教育学类0401，教育学040101，科学教育040102，人文教育040103，教育技术学040104，应用心理学071102，心理学类0711，心理学071102"
		"小学教师"	"教育学04，教育学类0401，教育学040101，科学教育040102，人文教育040103，教育技术学040104，应用心理学071102，心理学类0711，心理学071102"
		"图书管理员／档案保管员"	"教育学04，教育学类0401，教育学040101，科学教育040102，人文教育040103，教育技术学040104，应用心理学071102，心理学类0711，心理学071102"
		"特殊教育老师"	"教育学04，教育学类0401，教育学040101，科学教育040102，人文教育040103，教育技术学040104，应用心理学071102，心理学类0711，心理学071102"
		"(博物馆、美术馆、图书馆等的)馆长"	"公共管理类1204，公共关系学120409，公共事业类6501，公共关系650105"
		"家谱学家"	
		"教育行政人员"	"教育学04，教育学类0401，教育学040101，科学教育040102，人文教育040103，教育技术学040104，应用心理学071102，心理学类0711，心理学071102"
		"咨询服务人员"	"公共管理类1204，公共关系学120409，公共事业类6501，公共关系650105"
		"社会工作者(老年服务)"	"公共管理类1204，公共关系学120409，公共事业类6501，公共关系650105"
		"神学教育者"	"教育学04，教育学类0401，教育学040101，科学教育040102，人文教育040103，教育技术学040104，应用心理学071102，心理学类0711，心理学071102"
		"(博物馆、图书馆、美术馆等的)馆长"	"公共管理类1204，公共关系学120409，公共事业类6501，公共关系650105"
		"社会工作人员(老年和儿童每日看护问题)
"	"教育学04，教育学类0401，教育学040101，科学教育040102，人文教育040103，教育技术学040104，应用心理学071102，心理学类0711，心理学071102"
	"商业"		
		"秘书"	
		"员工监督人"	
		"顾客服务代表"	
		"人事管理人员"	
		"计算机操作者"	"计算机0809，软件工程080902，计算机应用技术590101，计算机类其他专业590199，计算机科学与技术080901"
		"记帐员"	
		"信用顾问"	
		"律师的专职助手"	"法律执行类6902，法律实务类其他专业690199，法律执行类其他专业690299，法律69，法律实务类6901，司法助理690101"
		"家用保健品推销
"	"市场管理与服务620511，市场营销120202，市场营销类6204，市场营销620401，市场营销类其他专业620499"
	"造性／技术性"		
		"内部装饰人员"	"室内设计技术560104，室内艺术设计670136，装潢设计与工艺教育040330"
		"电工"	
		"零售商"	
		"旅店老板"	
		"艺术家"	"艺术学理论类1301，艺术设计学130501，艺术教育660242，艺术设计类6701，艺术设计670101，产品艺术设计670102，"
		"音乐家"	"音乐与舞蹈学类1302，音乐学130202，音乐表演130201"
		"优先顾客销售代理人"	"市场管理与服务620511，市场营销120202，市场营销类6204，市场营销620401，市场营销类其他专业620499"
		"商业计划者"	"工商企业管理620501，信息传播与策划670312，文化创意与策划660153，广告策划与营销620407"
		"不动产经纪人
"	
"INTP
"			
	"计划和开发"		
		"计算机软件设计员"	"计算机0809，软件工程080902，计算机应用技术590101，计算机类其他专业590199，计算机科学与技术080901"
		"计算机程序员"	"计算机0809，软件工程080902，计算机应用技术590101，计算机类其他专业590199，计算机科学与技术080901"
		"系统分析人员／数据库管理人员"	"计算机0809，软件工程080902，计算机应用技术590101，计算机类其他专业590199，计算机科学与技术080901"
		"调查开发专家"	"工商企业管理620501，信息传播与策划670312，文化创意与策划660153，广告策划与营销620407"
		"战略策划者"	
		"新市场或新产品开发者"	
		"网络一体化专家(电信专家)"	"计算机0809，软件工程080902，计算机应用技术590101，计算机类其他专业590199，计算机科学与技术080901"
		"转换管理方式的咨询"	
		"财政计划者"	"财务会计类其他专业620299，财务会计类6202，财务管理120204，会计学120203，金融学类0203，金融学020301，金融工程020302，金融数学020305，经济与金融020307，财政金融类6201，金融管理与实务620103，财政金融类其他专业620199"
		"投资银行家"	"金融学类0203，金融学020301，金融工程020302，金融数学020305，经济与金融020307，财政金融类6201，金融管理与实务620103，财政金融类其他专业620199"
		"信息服务开发者——计算机程序设计"	"计算机0809，软件工程080902，计算机应用技术590101，计算机类其他专业590199，计算机科学与技术080901"
		"信息服务——新的商业开发领域"	"计算机0809，软件工程080902，计算机应用技术590101，计算机类其他专业590199，计算机科学与技术080901"
		"管理咨询：计算机／信息服务，销售，重组
"	"计算机0809，软件工程080902，计算机应用技术590101，计算机类其他专业590199，计算机科学与技术080901"
	"保健／技术"		
		"神经病学家"	"精神医学100205"
		"物理学家"	
		"整形外科医生"	"生物医学100102，生物医学科学100103，临床医学类1002，临床医学100201，医学10，基础医学类1001，基础医学100106"
		"药剂师"	"药学类其他专业630399，蒙药学630306，藏药学630307，中药鉴定与质量检测技术630304，现代中药技术630305，药学类6303，药学630301，中药630302，维药学630303，药物化学100706，中药学100801，药物分析100705，药学类1007，药学100701，药物制剂100710"
		"科学家：化学／生物"	"化学类0703，化工技术类及其专业530299，应用化学070302，化工技术类及其专业530299，应用化工技术530201，化工技术类其他专业530299，生物医学工程类0826，生物医学工程082603"
		"药品调查员"	"药学类其他专业630399，蒙药学630306，藏药学630307，中药鉴定与质量检测技术630304，现代中药技术630305，药学类6303，药学630301，中药630302，维药学630303，药物化学100706，中药学100801，药物分析100705，药学类1007，药学100701，药物制剂100710"
		"生物工程学家"	"生物医学100102，生物医学科学100103"
		"兽医
"	"动物药学090402，动物医学510310，动物医学类0904，动物医学090401"
	"专门领域"		
		"律师"	"法律执行类6902，法律实务类其他专业690199，法律执行类其他专业690299，法律69，法律实务类6901，司法助理690101"
		"经济学家"	"金融学类0203，金融学020301，金融工程020302，金融数学020305，经济与金融020307，财政金融类6201，金融管理与实务620103，财政金融类其他专业620199"
		"心理学家／精神分析学家"	"应用心理学071102，心理学类0711，心理学071102"
		"金融分析家"	"金融学类0203，金融学020301，金融工程020302，金融数学020305，经济与金融020307，财政金融类6201，金融管理与实务620103，财政金融类其他专业620199"
		"建筑师"	"建筑类0828，建筑学080201，建筑设计类5601"
		"侦探"	
		"知识产权代理人"	"法律执行类6902，法律实务类其他专业690199，法律执行类其他专业690299，法律69，法律实务类6901，司法助理690101"
		"法律调解人"	"法律执行类6902，法律实务类其他专业690199，法律执行类其他专业690299，法律69，法律实务类6901，司法助理690101"
		"公司财务代理人"	"财务会计类其他专业620299，财务会计类6202，财务管理120204，会计学120203，金融学类0203，金融学020301，金融工程020302，金融数学020305，经济与金融020307，财政金融类6201，金融管理与实务620103，财政金融类其他专业620199"
		"精神病医生
"	"临床医学类1002，临床医学100201，医学10，基础医学类1001，基础医学100110"
	"学术领域"		
		"数学家"	"数学类0701"
		"考古学家"	"考古学060103，考古探掘技术660155"
		"历史学家"	"历史学类0601，历史学060101"
		"哲学家"	"哲学类0101，哲学010101"
		"大学里的高级教师"	
		"学术研究者"	
		"逻辑学家"	"逻辑学010102"
		"大学行政官员"	"公共管理类1204，公共关系学120409，公共事业类6501，公共关系650105"
		"经济学家"	"金融学类0203，金融学020301，金融工程020302，金融数学020305，经济与金融020307，财政金融类6201，金融管理与实务620103，财政金融类其他专业620199"
		"翻译
"	"英语050201，应用外语660156，英语教育660203"
	"创造性的职业"		
		"摄影师"	"摄影130404"
		"富有创造力的作家"	"电影学130303，戏剧影视文学130304"
		"艺术家"	"艺术学理论类1301，艺术设计学130501，艺术教育660242，艺术设计类6701，艺术设计670101，产品艺术设计670102，"
		"演员／舞蹈家"	"音乐与舞蹈学类1302，舞蹈表演130204，舞蹈学130205，舞蹈编导130206，舞蹈编导670212，舞蹈表演670203"
		"音乐家"	"音乐与舞蹈学类1302，音乐学130202，音乐表演130201"
		"代理人"	
		"发明家"	
		"信息图表设计者
"	"计算机0809，软件工程080902，计算机应用技术590101，计算机类其他专业590199，计算机科学与技术080901"
"INTJ
"			
	"商业／金融"		
		"电信安全"	"电信工程及管理080715，程控交换技术590304"
		"经济学家"	"金融学类0203，金融学020301，金融工程020302，金融数学020305，经济与金融020307，财政金融类6201，金融管理与实务620103，财政金融类其他专业620199"
		"国际银行家"	"金融学类0203，金融学020301，金融工程020302，金融数学020305，经济与金融020307，财政金融类6201，金融管理与实务620103，财政金融类其他专业620199"
		"药物研究员"	"药学类其他专业630399，蒙药学630306，藏药学630307，中药鉴定与质量检测技术630304，现代中药技术630305，药学类6303，药学630301，中药630302，维药学630303，药物化学100706，中药学100801，药物分析100705，药学类1007，药学100701，药物制剂100710"
		"财务计划人"	"财务会计类其他专业620299，财务会计类6202，财务管理120204，会计学120203，金融学类0203，金融学020301，金融工程020302，金融数学020305，经济与金融020307，财政金融类6201，金融管理与实务620103，财政金融类其他专业620199"
		"投资银行家"	"金融学类0203，金融学020301，金融工程020302，金融数学020305，经济与金融020307，财政金融类6201，金融管理与实务620103，财政金融类其他专业620199"
		"管理顾问：电脑／信息服务，营销，机构重组
"	"计算机0809，软件工程080902，计算机应用技术590101，计算机类其他专业590199，计算机科学与技术080901"
	"科技"		
		"科学家／科学研究员"	
		"技术人员：电力／电子"	"电子807，通信类5903"
		"设计工程师"	"艺术学理论类1301，艺术设计学130501，艺术教育660242，艺术设计类6701，艺术设计670101，产品艺术设计670102，"
		"宇航员"	
		"电脑程序员"	"计算机0809，软件工程080902"
		"环境规划人"	"环境工程082502，环保类6001"
		"生物医学研究员／工程师"	"生物医学100102，生物医学科学100103"
		"电脑系统分析员"	"计算机0809，软件工程080902，计算机应用技术590101，计算机类其他专业590199，计算机科学与技术080901"
		"操作研究分析员"	"计算机0809，软件工程080902"
		"信息服务开发人"	"计算机0809，软件工程080902"
		"软件和系统研究员和开发员"	"计算机0809，软件工程080902，计算机应用技术590101，计算机类其他专业590199，计算机科学与技术080901"
		"网络一体化专家(电信业)"	"计算机0809，软件工程080902"
		"信息服务——新业务开发人
"	"计算机0809，软件工程080902"
	"教育"		
		"教师：大学"	"教育学04，教育学类0401，教育学040101，科学教育040102，人文教育040103，教育技术学040104，应用心理学071102，心理学类0711，心理学071102"
		"学习课程设计人"	
		"行政管理人"	"行政管理120402，行政管理650203，人力资源管理120206，人力资源管理650204，管理科学120101"
		"数学家
"	"数学类0701"
	"健康护理／医药"		
		"精神病学家"	"精神医学100205"
		"心理学家"	"应用心理学071102，心理学类0711，心理学071102"
		"神经病学家"	
		"生物医学工程师"	"生物医学100102，生物医学科学100103"
		"心病学家"	"临床医学类1002，临床医学100201，医学10，基础医学类1001，基础医学100110"
		"药物学家"	"药学类其他专业630399，蒙药学630306，藏药学630307，中药鉴定与质量检测技术630304，现代中药技术630305，药学类6303，药学630301，中药630302，维药学630303，药物化学100706，中药学100801，药物分析100705，药学类1007，药学100701，药物制剂100710"
		"药物研究员"	"药学类其他专业630399，蒙药学630306，藏药学630307，中药鉴定与质量检测技术630304，现代中药技术630305，药学类6303，药学630301，中药630302，维药学630303，药物化学100706，中药学100801，药物分析100705，药学类1007，药学100701，药物制剂100710"
		"生物医学研究员
"	"生物医学100102，生物医学科学100103"
	"专门职业"		
		"代理人：行政管理／诉讼"	
		"管理顾问"	
		"战略设计人"	"工商企业管理620501，信息传播与策划670312，文化创意与策划660153，广告策划与营销620407"
		"投资／商业分析家"	"金融学类0203，金融学020301，金融工程020302，金融数学020305，经济与金融020307，财政金融类6201，金融管理与实务620103，财政金融类其他专业620199"
		"经理"	"公共管理类1204，公共关系学120409，公共事业类6501，公共关系650105"
		"法官"	"法律执行类6902，法律实务类其他专业690199，法律执行类其他专业690299，法律69，法律实务类6901，司法助理690101"
		"新闻分析员／撰稿人"	"新闻传播学类0503，新闻学050301，新闻采编与制作670308，网络新闻与传播670316"
		"工程师"	
		"冶金工程师"	"冶金工程080404"
		"知识产权律师"	"法律执行类6902，法律实务类其他专业690199，法律执行类其他专业690299，法律69，法律实务类6901，司法助理690101"
		"土木工程师
"	"土木类0810，土木工程081001，土木工程检测技术560304"
	"创造性职业"		
		"作家／社论作家"	"电影学130303，戏剧影视文学130304"
		"艺术家"	"艺术学理论类1301，艺术设计学130501，艺术教育660242，艺术设计类6701，艺术设计670101，产品艺术设计670102，"
		"发明家"	
		"设计人"	"艺术学理论类1301，艺术设计学130501，艺术教育660242，艺术设计类6701，艺术设计670101，产品艺术设计670102，"
		"建筑师"	"建筑类0828，建筑学080201，建筑设计类5601"
		"整体设计建筑师"	"建筑类0828，建筑学080201，建筑设计类5601"
		"信息制图设计师"	"计算机0809，软件工程080902，计算机应用技术590101，计算机类其他专业590199，计算机科学与技术080901"
		"自由媒体设计人"	"艺术学理论类1301，艺术设计学130501，艺术教育660242，艺术设计类6701，艺术设计670101，产品艺术设计670102，"
		"编辑／艺术指导
"	"艺术学理论类1301，艺术设计学130501，艺术教育660242，艺术设计类6701，艺术设计670101，产品艺术设计670102，"
"INFP
"			
	"创造性职业／艺术"		
		"艺术家"	"艺术学理论类1301，艺术设计学130501，艺术教育660242，艺术设计类6701，艺术设计670101，产品艺术设计670102，"
		"作家：诗人／小说家"	"中国语言文学类0501，汉语言文学050101"
		"记者"	"新闻传播学类0503，新闻学050301，新闻采编与制作670308，网络新闻与传播670316"
		"娱乐人士"	
		"建筑师"	"建筑类0828，建筑学080201，建筑设计类5601"
		"演员"	"戏剧与影视学类1303，戏剧学130302，戏剧影视导演130306，戏剧影视表演670209，广播影视类6703，广播电视学050302，广播电视工程080707，广播电视编导130305，广播电视技术67030"
		"编辑"	"新闻传播学类0503，新闻学050301，新闻采编与制作670308，网络新闻与传播670316"
		"音乐家"	"音乐与舞蹈学类1302，音乐学130202，音乐表演130201"
		"信息制图设计师"	"计算机0809，软件工程080902，计算机应用技术590101，计算机类其他专业590199，计算机科学与技术080901"
		"编辑／艺术指导(杂志)
"	"艺术学理论类1301，艺术设计学130501，艺术教育660242，艺术设计类6701，艺术设计670101，产品艺术设计670102，"
	"教育／咨询职业"		
		"大学教授：人文／艺术"	"艺术学理论类1301，艺术设计学130501，艺术教育660242，艺术设计类6701，艺术设计670101，产品艺术设计670102，"
		"调研员"	
		"心理学家"	"应用心理学071102，心理学类0711，心理学071102"
		"顾问"	
		"社会工作者"	"公共管理类1204，公共关系学120409，公共事业类6501，公共关系650105"
		"图书管理员.教育顾问"	"教育学04，教育学类0401，教育学040101，科学教育040102，人文教育040103，教育技术学040104，应用心理学071102，心理学类0711，心理学071102"
		"特殊教育老师"	"教育学04，教育学类0401，教育学040101，科学教育040102，人文教育040103，教育技术学040104，应用心理学071102，心理学类0711，心理学071102"
		"双语种教育老师.儿童早期教育老师"	"教育学04，教育学类0401，教育学040101，科学教育040102，人文教育040103，教育技术学040104，应用心理学071102，心理学类0711，心理学071102"
		"雇员帮助顾问"	"教育学04，教育学类0401，教育学040101，科学教育040102，人文教育040103，教育技术学040104，应用心理学071102，心理学类0711，心理学071102"
		"儿童福利顾问"	"教育学04，教育学类0401，教育学040101，科学教育040102，人文教育040103，教育技术学040104，应用心理学071102，心理学类0711，心理学071102"
		"酒精和毒品禁戒顾问"	
		"翻译／口译"	
		"法律调停人"	"法律执行类6902，法律实务类其他专业690199，法律执行类其他专业690299，法律69，法律实务类6901，司法助理690101"
		"社会工作者(老年人和儿童日常护理问题)
"	"公共管理类1204，公共关系学120409，公共事业类6501，公共关系650105"
	"宗教职业"		
		"牧师"	
		"宗教教育工作者"	"教育学04，教育学类0401，教育学040101，科学教育040102，人文教育040103，教育技术学040104，应用心理学071102，心理学类0711，心理学071102"
		"传教士"	
		"教堂工作人员
"	
	"医疗保健"		
		"饮食学家／营养学家"	"医学营养630407，营养配餐640204，烹饪与营养教育082708，食品卫生与营养学100402，食品营养与卫生610318"
		"理疗医生"	"中医康复学100510，中医儿科学100512，中西医结合类1006，中西医临床医学100601，中医养生保健630420，中医康复技术630420"
		"家庭健康社会工作者"	"中医康复学100510，中医儿科学100512，中西医结合类1006，中西医临床医学100601，中医养生保健630420，中医康复技术630420"
		"职业治疗医生"	"临床医学类1002，临床医学100201，医学10，基础医学类1001，基础医学100110"
		"按摩专家"	"中医康复学100510，中医儿科学100512，中西医结合类1006，中西医临床医学100601，中医养生保健630420，中医康复技术630420"
		"全面健康医生"	"临床医学类1002，临床医学100201，医学10，基础医学类1001，基础医学100110"
		"语言病理学家／听觉病理学家
"	"临床医学类1002，临床医学100201，医学10，基础医学类1001，基础医学100110"
	"机构发展"		
		"雇员发展专家"	
		"人力资源开发"	"人力资源管理120206，人力资源管理650204，管理科学120101"
		"社会科学家"	"社会学类0303，社会学030301"
		"多样化管理人"	"公共管理类1204，公共关系学120409，公共事业类6501，公共关系650105"
		"顾问工作组构建／冲突解决
"	
"INFJ
"			
	"—般职业咨询／教育职业"		
		"职业咨询顾问"	"应用心理学071102，心理学类0711，心理学071102"
		"心理学家"	"应用心理学071102，心理学类0711，心理学071102"
		"教育顾问"	"教育学04，教育学类0401，教育学040101，科学教育040102，人文教育040103，教育技术学040104，应用心理学071102，心理学类0711，心理学071102"
		"图书管理员"	"教育学04，教育学类0401，教育学040101，科学教育040102，人文教育040103，教育技术学040104，应用心理学071102，心理学类0711，心理学071102"
		"特殊教育老师"	"教育学04，教育学类0401，教育学040101，科学教育040102，人文教育040103，教育技术学040104，应用心理学071102，心理学类0711，心理学071102"
		"双语教育老师"	"教育学04，教育学类0401，教育学040101，科学教育040102，人文教育040103，教育技术学040104，应用心理学071102，心理学类0711，心理学071102"
		"早期教育老师"	"教育学04，教育学类0401，教育学040101，科学教育040102，人文教育040103，教育技术学040104，应用心理学071102，心理学类0711，心理学071102"
		"雇员帮助顾问"	"教育学04，教育学类0401，教育学040101，科学教育040102，人文教育040103，教育技术学040104，应用心理学071102，心理学类0711，心理学071102"
		"儿童福利顾问"	"教育学04，教育学类0401，教育学040101，科学教育040102，人文教育040103，教育技术学040104，应用心理学071102，心理学类0711，心理学071102"
		"酒精和毒品禁戒顾问"	"教育学04，教育学类0401，教育学040101，科学教育040102，人文教育040103，教育技术学040104，应用心理学071102，心理学类0711，心理学071102"
		"教师：高中或大学英语、艺术、音乐、社会科学"	"艺术学理论类1301，艺术设计学130501，艺术教育660242，艺术设计类6701，艺术设计670101，产品艺术设计670102，"
		"社会：工作人员(老人与儿童口常护理问题)戏剧
"	"教育学04，教育学类0401，教育学040101，科学教育040102，人文教育040103，教育技术学040104，应用心理学071102，心理学类0711，心理学071102"
	"家教职业"		
		"牧师／教士／修道士／修女"	"教育学04，教育学类0401，教育学040101，科学教育040102，人文教育040103，教育技术学040104，应用心理学071102，心理学类0711，心理学071102"
		"家教工作者"	"教育学04，教育学类0401，教育学040101，科学教育040102，人文教育040103，教育技术学040104，应用心理学071102，心理学类0711，心理学071102"
		"家教教育指导者
"	"教育学04，教育学类0401，教育学040101，科学教育040102，人文教育040103，教育技术学040104，应用心理学071102，心理学类0711，心理学071102"
	"创造性职业"		
		"艺术家"	"艺术学理论类1301，艺术设计学130501，艺术教育660242，艺术设计类6701，艺术设计670101，产品艺术设计670102，"
		"小说家"	"中国语言文学类0501，汉语言文学050101"
		"设计师"	"艺术学理论类1301，艺术设计学130501，艺术教育660242，艺术设计类6701，艺术设计670101，产品艺术设计670102，"
		"通用设计建筑师"	"建筑类0828，建筑学080201，建筑设计类5601"
		"编辑、艺术指导(杂志)"	"艺术学理论类1301，艺术设计学130501，艺术教育660242，艺术设计类6701，艺术设计670101，产品艺术设计670102，"
		"剧作家"	"戏剧与影视学类1303，戏剧学130302，戏剧影视导演130306，戏剧影视表演670209"
		"诗人"	"中国语言文学类0501，汉语言文学050101"
		"信息制图设计者"	"计算机0809，软件工程080902，计算机应用技术590101，计算机类其他专业590199，计算机科学与技术080901"
		"自由宣传媒介设计人"	"艺术学理论类1301，艺术设计学130501，艺术教育660242，艺术设计类6701，艺术设计670101，产品艺术设计670102，"
		"家谱学家(家族研究者)
"	
	"健康护理／社会服务职业"		
		"保健管理人"	"中医康复学100510，中医儿科学100512，中西医结合类1006，中西医临床医学100601，中医养生保健630420，中医康复技术630420"
		"调解人／冲突解决人"	
		"社会工作人员"	"公共管理类1204，公共关系学120409，公共事业类6501，公共关系650105"
		"饮食学家／营养学家"	"医学营养630407，营养配餐640204，烹饪与营养教育082708，食品卫生与营养学100402，食品营养与卫生610318"
		"全面健康医生"	"中医康复学100510，中医儿科学100512，中西医结合类1006，中西医临床医学100601，中医养生保健630420，中医康复技术630420"
		"职业治疗医生"	"临床医学类1002，临床医学100201，医学10，基础医学类1001，基础医学100110"
		"社会服务代理人"	
		"社会科学家"	"社会学类0303，社会学030301"
		"心理健康顾问"	"应用心理学071102，心理学类0711，心理学071102"
		"语言病理学家／听觉学家"	"临床医学类1002，临床医学100201，医学10，基础医学类1001，基础医学100110"
		"信息治疗医生
"	"临床医学类1002，临床医学100201，医学10，基础医学类1001，基础医学100110"
	"商业"		
		"人事资源经理"	"人力资源管理120206，人力资源管理650204，管理科学120101"
		"组织机构的发展顾问"	"工商企业管理620501，信息传播与策划670312，文化创意与策划660153，广告策划与营销620407"
		"职业分析家"	
		"公司／工作小组培训人"	
		"商业销售计划人"	"市场管理与服务620511，市场营销120202，市场营销类6204，市场营销620401，市场营销类其他专业620499"
		"口译／翻译"	"英语050201，应用外语660156，英语教育660203"
		"市场人员(提供服务或点子)"	
		"雇员帮助方案的协调者／顾问"	
		"人事资源多样化管理人"	"人力资源管理120206，人力资源管理650204，管理科学120101"
		"优先顾客销售代表"	"市场管理与服务620511，市场营销120202，市场营销类6204，市场营销620401，市场营销类其他专业620499"
		"环境法律师
"	"法律执行类6902，法律实务类其他专业690199，法律执行类其他专业690299，法律69，法律实务类6901，司法助理690101"
"ESTP
"			
	"销售／服务／“活动”"		
		"警察"	
		"消防队员"	
		"护理人员"	"护理630201，护理类6302，护理学类1011，护理学101101"
		"侦探"	
		"领航员"	
		"调查研究者"	
		"管教罪犯的人员"	
		"房地产经纪人"	"市场营销120202，房地产类5607"
		"急诊医士"	"临床医学类1002，临床医学100201，医学10，基础医学类1001，基础医学100110"
		"运动生理学家／运动医学家"	"临床医学类1002，临床医学100201，医学10，基础医学类1001，基础医学100110"
		"呼吸治疗专家"	
		"空中服务员"	
		"体育用品销售"	"市场管理与服务620511，市场营销120202，市场营销类6204，市场营销620401，市场营销类其他专业620499"
		"调查保险诈骗人员"	"保险学020303，保险实务620107，机动车保险实务620121，法律执行类6902，法律实务类其他专业690199，法律执行类其他专业690299，法律69，法律实务类6901，司法助理690101，金融学类0203，金融学020301，金融工程020302，金融数学020305，经济与金融020307，财政金融类6201，金融管理与实务620103，财政金融类其他专业620199"
		"私人侦探
"	
	"金融"		
		"个人财务计划者"	"财务会计类其他专业620299，财务会计类6202，财务管理120204，会计学120203，金融学类0203，金融学020301，金融工程020302，金融数学020305，经济与金融020307，财政金融类6201，金融管理与实务620103，财政金融类其他专业620199"
		"审计员"	"审计实务620207，审计学120208，财务管理620201，财务会计类其他专业620299，财政金融类其他专业620199，财务会计类6202，财务管理120204，会计学120208"
		"股票经纪人"	"金融学类0203，金融学020301，金融工程020302，金融数学020305，经济与金融020307，财政金融类6201，金融管理与实务620103，财政金融类其他专业620199"
		"银行业者"	"金融学类0203，金融学020301，金融工程020302，金融数学020305，经济与金融020307，财政金融类6201，金融管理与实务620103，财政金融类其他专业620199"
		"投资者"	"金融学类0203，金融学020301，金融工程020302，金融数学020305，经济与金融020307，财政金融类6201，金融管理与实务620103，财政金融类其他专业620199"
		"保险推销"	"保险学020303，保险实务620107，机动车保险实务620121，法律执行类6902，法律实务类其他专业690199，法律执行类其他专业690299，法律69，法律实务类6901，司法助理690101，金融学类0203，金融学020301，金融工程020302，金融数学020305，经济与金融020307，财政金融类6201，金融管理与实务620103，财政金融类其他专业620199"
		"预算分折员"	"财务会计类其他专业620299，财务会计类6202，财务管理120204，会计学120203，金融学类0203，金融学020301，金融工程020302，金融数学020305，经济与金融020307，财政金融类6201，金融管理与实务620103，财政金融类其他专业620199"
		"保险代理人／经纪人(推销商)
"	"保险学020303，保险实务620107，机动车保险实务620121，法律执行类6902，法律实务类其他专业690199，法律执行类其他专业690299，法律69，法律实务类6901，司法助理690101，金融学类0203，金融学020301，金融工程020302，金融数学020305，经济与金融020307，财政金融类6201，金融管理与实务620103，财政金融类其他专业620199"
	"娱乐业／体育运动"		
		"播送体育节目"	"新闻传播学类0503，新闻学050301，新闻采编与制作670308，网络新闻与传播670316"
		"新闻报道员"	"新闻传播学类0503，新闻学050301，新闻采编与制作670308，网络新闻与传播670316"
		"承办人"	
		"旅游代理人"	
		"舞蹈演员"	"音乐与舞蹈学类1302，舞蹈表演130204，舞蹈学130205，舞蹈编导130206，舞蹈编导670212，舞蹈表演670203"
		"酒吧间侍员"	
		"拍卖商"	
		"职业运动员／教练"	
		"体能指导员／训练者
"	
	"技术的／商贸"		
		"木匠"	
		"工匠／手艺人"	
		"农民"	
		"总承包商"	
		" 建筑工人"	
		"厨师长／厨师"	
		"电气工程师"	"电气类0806，动力类0805，电气工程及其自动化080601，电气工程与智能控制080633，电气自动化技术580202，电气设备应用与维护580312"
		"电子专家"	"自动化0808，计算机0809，通信类5903，电子工程807"
		"集成网络专家(电信学)"	"计算机0809，微电子590210，电机580104"
		"工业／机械工程师"	"电子807，机电一体化580201，机械制造580102，机械类0802，机械工程080201"
		"勘测员"	"矿产地质与勘察540106，地质类0814，矿物资源工程081505，采矿工程081501"
		"脑电图专家／技术员"	
		"放射学专业人员"	
		"飞机修理工"	"飞行技术081805，飞行器设计与工程082002，飞行器维修技术520516"
		"海洋生物学家"	"海洋科学类0707，水文地质与勘查技术540105，水文与水资源工程081102，水文与工程地质540203，水文与水资源类其他专业570199，水文与水资源类5701"
		"技术培训者——课堂环景"	
		"后勤和供给经营人——制造业 "	
		"土木工程师
"	"土木类0810，土木工程081001，土木工程检测技术560304"
	"商业"		
		"房地产经纪人"	"市场营销120202，房地产类5607"
		"中间商"	
		"房地产投资开发者"	"金融学类0203，金融学020301，金融工程020302，金融数学020305，经济与金融020307，财政金融类6201，金融管理与实务620103，财政金融类其他专业620199"
		"批发商"	
		"零售商"	
		"汽车销售商"	"市场管理与服务620511，市场营销120202，市场营销类6204，市场营销620401，市场营销类其他专业620499"
		"业务顾问(业务活动)"	
		"特许经营者
"	
"ESTJ
"			
	"销售／服务"		
		"保险代理"	"保险学020303，保险实务620107，机动车保险实务620121，法律执行类6902，法律实务类其他专业690199，法律执行类其他专业690299，法律69，法律实务类6901，司法助理690101，金融学类0203，金融学020301，金融工程020302，金融数学020305，经济与金融020307，财政金融类6201，金融管理与实务620103，财政金融类其他专业620199"
		"丧葬承办者"	
		"厨师"	
		"陆军军官"	
		"教师：贸易、工业、技术"	"教育学04，教育学类0401，教育学040101，科学教育040102，人文教育040103，教育技术学040104，应用心理学071102，心理学类0711，心理学071102"
		"政府雇员"	
		"保安人员"	
		"体育商品／设备经销商"	"市场管理与服务620511，市场营销120202，市场营销类6204，市场营销620401，市场营销类其他专业620499"
		"药品经销商"	"药学类其他专业630399，蒙药学630306，藏药学630307，中药鉴定与质量检测技术630304，现代中药技术630305，药学类6303，药学630301，中药630302，维药学630303，药物化学100706，中药学100801，药物分析100705，药学类1007，药学100701，药物制剂100710"
		"电信防护员"	
		"警察／监护官／管教官"	
		"销售(有形的东西)：计算机、不动产
"	"市场管理与服务620511，市场营销120202，市场营销类6204，市场营销620401，市场营销类其他专业620499"
	"科技／物理"		
		"计算机系统分析家"	"计算机0809，软件工程080902，计算机应用技术590101，计算机类其他专业590199，计算机科学与技术080901"
		"审计员"	"审计实务620207，审计学120208，财务管理620201，财务会计类其他专业620299，财政金融类其他专业620199，财务会计类6202，财务管理120204，会计学120209"
		"总承包商"	
		"农场主"	
		"建筑工人"	
		"药剂师"	"药学类其他专业630399，蒙药学630306，藏药学630307，中药鉴定与质量检测技术630304，现代中药技术630305，药学类6303，药学630301，中药630302，维药学630303，药物化学100706，中药学100801，药物分析100705，药学类1007，药学100701，药物制剂100710"
		"临床医师"	"临床医学类1002，临床医学100201，医学10，基础医学类1001，基础医学100110"
		"会计学内部审计员"	"审计实务620207，审计学120208，财务管理620201，财务会计类其他专业620299，财政金融类其他专业620199，财务会计类6202，财务管理120204，会计学120203，金融数学020305"
		"技术教员"	
		"脑电图技术专家／技师"	"放射医学100206，放射治疗技术630414"
		"工程师：机械领域／应用领域"	"电子807，机电一体化580201，机械制造580102，机械类0802，机械工程080201"
		"律师帮办
"	"法律执行类6902，法律实务类其他专业690199，法律执行类其他专业690299，法律69，法律实务类6901，司法助理690101"
	"管理"		
		"银行高级职员／贷款员"	"金融学类0203，金融学020301，金融工程020302，金融数学020305，经济与金融020307，财政金融类6201，金融管理与实务620103，财政金融类其他专业620199"
		"项目经理"	"行政管理120402，行政管理650203，人力资源管理120206，人力资源管理650204，管理科学120101"
		"职员总管"	
		"行政官员"	"公共管理类1204，公共关系学120409，公共事业类6501，公共关系650105"
		"工厂监督人"	
		"数据库经营者"	"计算机0809，软件工程080902"
		"购物代理人"	
		"信贷分析员"	"金融学类0203，金融学020301，金融工程020302，金融数学020305，经济与金融020307，财政金融类6201，金融管理与实务620103，财政金融类其他专业620199"
		"制定规章制度的官员"	
		"预算分析员"	"财务会计类其他专业620299，财务会计类6202，财务管理120204，会计学120203，金融学类0203，金融学020301，金融工程020302，金融数学020305，经济与金融020307，财政金融类6201，金融管理与实务620103，财政金融类其他专业620199"
		"管理人：社会保健服务"	
		"信息主管"	"计算机0809，软件工程080902，计算机应用技术590101，计算机类其他专业590199，计算机科学与技术080901"
		"管理顾问：企业运行"	"工商企业管理620501，信息传播与策划670312，文化创意与策划660153，广告策划与营销620407"
		"后勤供给经理"	"物流管理与工程类1206，物流管理120601，物流工程120602，物流管理620505"
		"银行经理／贷款员"	
		"信贷分析员／顾问
"	"审计实务620207，审计学120208，财务管理620201，财务会计类其他专业620299，财政金融类其他专业620199，财务会计类6202，财务管理120204，会计学120203，金融数学020305"
	"专门领域"		
		"牙医"	"临床医学类1002，临床医学100201，医学10，基础医学类1001，基础医学100110"
		"内科医生：普通医学"	"临床医学类1002，临床医学100201，医学10，基础医学类1001，基础医学100110"
		"股票经纪人"	"金融学类0203，金融学020301，金融工程020302，金融数学020305，经济与金融020307，财政金融类6201，金融管理与实务620103，财政金融类其他专业620199"
		"法官"	"法律执行类6902，法律实务类其他专业690199，法律执行类其他专业690299，法律69，法律实务类6901，司法助理690101"
		"行政领导"	
		"教师：技术／贸易"	
		"公司财务律师"	"法律执行类6902，法律实务类其他专业690199，法律执行类其他专业690299，法律69，法律实务类6901，司法助理690101"
		"电气工程师"	"电气类0806，动力类0805，电气工程及其自动化080601，电气工程与智能控制080633，电气自动化技术580202，电气设备应用与维护580312"
		"最初保健护理医生"	"中医康复学100510，中医儿科学100512，中西医结合类1006，中西医临床医学100601，中医养生保健630420，中医康复技术630420"
		"工业工程师"	
		"律师帮办"	"法律执行类6902，法律实务类其他专业690199，法律执行类其他专业690299，法律69，法律实务类6901，司法助理690101"
		"药剂师"	"药学类其他专业630399，蒙药学630306，藏药学630307，中药鉴定与质量检测技术630304，现代中药技术630305，药学类6303，药学630301，中药630302，维药学630303，药物化学100706，中药学100801，药物分析100705，药学类1007，药学100701，药物制剂100710"
		"土木／机械／冶金工程师
"	"土木类0810，土木工程081001，土木工程检测技术560304，机械制造580102，机电一体化580201，汽车类5804，制冷550205，机械类802"
"ESFP
"			
	"教育及社会服务部门"		
		"教师：早期儿童教育及初级教育"	"教育学04，教育学类0401，教育学040101，科学教育040102，人文教育040103，教育技术学040104，应用心理学071102，心理学类0711，心理学071102"
		"儿童护理员。"	"护理630201，护理类6302，护理学类1011，护理学101101"
		"家庭保健人员"	"中医康复学100510，中医儿科学100512，中西医结合类1006，中西医临床医学100601，中医养生保健630420，中医康复技术630420"
		"体育教练"	"教育学04，教育学类0401，教育学040101，科学教育040102，人文教育040103，教育技术学040104，应用心理学071102，心理学类0711，心理学071102"
		"特殊教育老师"	"教育学04，教育学类0401，教育学040101，科学教育040102，人文教育040103，教育技术学040104，应用心理学071102，心理学类0711，心理学071102"
		"酗酒，吸毒劝戒人员"	"教育学04，教育学类0401，教育学040101，科学教育040102，人文教育040103，教育技术学040104，应用心理学071102，心理学类0711，心理学071102"
		"儿童福利顾问"	
		"海洋生物学家
"	"海洋科学类0707，水文地质与勘查技术540105，水文与水资源工程081102，水文与工程地质540203，水文与水资源类其他专业570199，水文与水资源类5701"
	"健康护理"		
		"应急家庭护士"	"护理630201，护理类6302，护理学类1011，护理学101101"
		"社会福利工作人员"	"公共管理类1204，公共关系学120409，公共事业类6501，公共关系650105"
		"训犬员"	
		"医务助理"	"临床医学类1002，临床医学100201，医学10，基础医学类1001，基础医学100110"
		"牙科专家或牙科助理"	
		"领照实习护士"	"护理630201，护理类6302，护理学类1011，护理学101101"
		"运动专家"	
		"最初保健护理医生"	"中医康复学100510，中医儿科学100512，中西医结合类1006，中西医临床医学100601，中医养生保健630420，中医康复技术630420"
		"家庭保健服务人员"	"中医康复学100510，中医儿科学100512，中西医结合类1006，中西医临床医学100601，中医养生保健630420，中医康复技术630420"
		"按摩专家"	
		"饮食专家或营养学家"	"医学营养630407，营养配餐640204，烹饪与营养教育082708，食品卫生与营养学100402，食品营养与卫生610318"
		"紧急医务工作人员"	"临床医学类1002，临床医学100201，医学10，基础医学类1001，基础医学100110"
		"运动生理学家"	
		"药剂师"	"药学类其他专业630399，蒙药学630306，藏药学630307，中药鉴定与质量检测技术630304，现代中药技术630305，药学类6303，药学630301，中药630302，维药学630303，药物化学100706，中药学100801，药物分析100705，药学类1007，药学100701，药物制剂100710"
		"放射专家"	"放射医学100206，放射治疗技术630414"
		"呼吸系统专家"	
		"营养专家"	"医学营养630407，营养配餐640204，烹饪与营养教育082708，食品卫生与营养学100402，食品营养与卫生610318"
		"职业疗法医师
"	"中医康复学100510，中医儿科学100512，中西医结合类1006，中西医临床医学100601，中医养生保健630420，中医康复技术630420"
	"娱乐业"		
		"旅行代办人／旅游组织人员"	
		"摄像师"	"摄影130404"
		"电影制片人"	"电影学130303，戏剧影视文学130304"
		"音乐家"	"音乐与舞蹈学类1302，音乐学130202，音乐表演130201"
		"承办人员"	
		"特殊事件统筹人员"	"文化创意与策划660153，戏剧影视导演130306，戏剧影视表演670209，广播影视类6703，广播电视学050302，广播电视工程080707，广播电视编导130305，广播电视技术670301"
		"表演艺术人员、舞蹈员、喜剧演员
"	"艺术学理论类1301，艺术设计学130501，艺术教育660242，艺术设计类6701，艺术设计670101，产品艺术设计670102，"
	"商业／推销业"		
		"零售商或零售策划人员"	"文化创意与策划660153，戏剧影视导演130306，戏剧影视表演670209，广播影视类6703，广播电视学050302，广播电视工程080707，广播电视编导130305，广播电视技术670301"
		"公共关系专家"	"公共管理类1204，公共关系学120409，公共事业类6501，公共关系650105"
		"资金筹措者"	
		"劳资关系调查人员"	
		"接待员"	
		"商业计划人员"	"文化创意与策划660153，戏剧影视导演130306，戏剧影视表演670209，广播影视类6703，广播电视学050302，广播电视工程080707，广播电视编导130305，广播电视技术670301"
		"多样化管理者：人力资源"	
		"小组协同培训"	
		"旅行推销人员"	"市场管理与服务620511，市场营销120202，市场营销类6204，市场营销620401，市场营销类其他专业620499"
		"保险代办人经纪人(健康或人寿)"	"保险学020303，保险实务620107，机动车保险实务620121，法律执行类6902，法律实务类其他专业690199，法律执行类其他专业690299，法律69，法律实务类6901，司法助理690101，金融学类0203，金融学020301，金融工程020302，金融数学020305，经济与金融020307，财政金融类6201，金融管理与实务620103，财政金融类其他专业620199"
		"房地产经纪人"	"市场营销120202，房地产类5607"
		"体育设备推销／买卖"	"市场管理与服务620511，市场营销120202，市场营销类6204，市场营销620401，市场营销类其他专业620499"
		"零售推销"	"市场管理与服务620511，市场营销120202，市场营销类6204，市场营销620401，市场营销类其他专业620499"
		"家用保键用品推销
"	"市场管理与服务620511，市场营销120202，市场营销类6204，市场营销620401，市场营销类其他专业620499"
	"服务业"		
		"飞机服务员"	
		"秘书／接待员"	
		"侍者"	
		"旅店老板"	
		"花卉设计"	"室内设计技术560104，室内艺术设计670136，装潢设计与工艺教育040330"
		"警察／劳改服务人员
"	
"ESFJ
"			
	"保健"		
		"医师助理／牙医助理"	"临床医学类1002，临床医学100201，医学10，基础医学类1001，基础医学100110"
		"言语病理学家"	"临床医学类1002，临床医学100201，医学10，基础医学类1001，基础医学100110"
		"运动生理学家"	
		"家庭医生"	"临床医学类1002，临床医学100201，医学10，基础医学类1001，基础医学100110"
		"护士"	"护理630201，护理类6302，护理学类1011，护理学101101"
		"牙医"	
		"医用秘书"	"临床医学类1002，临床医学100201，医学10，基础医学类1001，基础医学100110"
		"验光师"	
		"饮食学家／营养学家"	"医学营养630407，营养配餐640204，烹饪与营养教育082708，食品卫生与营养学100402，食品营养与卫生610318"
		"按摩治疗专家"	
		"验光师／配镜技师"	
		"药剂师／制药技师"	"药学类其他专业630399，蒙药学630306，藏药学630307，中药鉴定与质量检测技术630304，现代中药技术630305，药学类6303，药学630301，中药630302，维药学630303，药物化学100706，中药学100801，药物分析100705，药学类1007，药学100701，药物制剂100710"
		"呼吸系统治疗专家"	
		"兽医"	"动物药学090402，动物医学510310，动物医学类0904，动物医学090401"
		"领照实习护士"	"护理630201，护理类6302，护理学类1011，护理学101101"
		"家庭健康护理"	"中医康复学100510，中医儿科学100512，中西医结合类1006，中西医临床医学100601，中医养生保健630420，中医康复技术630420"
		"最初保健护理医师"	"中医康复学100510，中医儿科学100512，中西医结合类1006，中西医临床医学100601，中医养生保健630420，中医康复技术630420"
		"理疗专家"	"中医康复学100510，中医儿科学100512，中西医结合类1006，中西医临床医学100601，中医养生保健630420，中医康复技术630420"
		"家庭健康社会工作者
"	"中医康复学100510，中医儿科学100512，中西医结合类1006，中西医临床医学100601，中医养生保健630420，中医康复技术630420"
	"教育"		
		"小学教师"	
		"特殊教育工怍者"	"教育学04，教育学类0401，教育学040101，科学教育040102，人文教育040103，教育技术学040104，应用心理学071102，心理学类0711，心理学071102"
		"儿童照管人员"	"护理630201，护理类6302，护理学类1011，护理学101101"
		"家庭经济教师"	"金融学类0203，金融学020301，金融工程020302，金融数学020305，经济与金融020307，财政金融类6201，金融管理与实务620103，财政金融类其他专业620199"
		"运动教练"	
		"双语教学老师
"	"教育学04，教育学类0401，教育学040101，科学教育040102，人文教育040103，教育技术学040104，应用心理学071102，心理学类0711，心理学071102"
	"社会服务／咨询"		
		"社会工作者"	"公共管理类1204，公共关系学120409，公共事业类6501，公共关系650105"
		"社区福利工作者"	"公共管理类1204，公共关系学120409，公共事业类6501，公共关系650105"
		"专业自愿者"	
		"宗教教育者"	"教育学04，教育学类0401，教育学040101，科学教育040102，人文教育040103，教育技术学040104，应用心理学071102，心理学类0711，心理学071102"
		"顾问"	
		"律师帮办"	"法律执行类6902，法律实务类其他专业690199，法律执行类其他专业690299，法律69，法律实务类6901，司法助理690101"
		"女雇员问题咨询顾问"	
		"儿童福利顾问"	
		"戒毒和戒酒咨询顾问"	"公共管理类1204，公共关系学120409，公共事业类6501，公共关系650105"
		"社会工作者"	"公共管理类1204，公共关系学120409，公共事业类6501，公共关系650105"
		"牧师／神父／拉比
"	
	"商务"		
		"公关业务经理"	"公共管理类1204，公共关系学120409，公共事业类6501，公共关系650105"
		"私人银行家"	"金融学类0203，金融学020301，金融工程020302，金融数学020305，经济与金融020307，财政金融类6201，金融管理与实务620103，财政金融类其他专业620199"
		"销售代表(有形商品)"	"市场管理与服务620511，市场营销120202，市场营销类6204，市场营销620401，市场营销类其他专业620499"
		"电话推销员"	"市场管理与服务620511，市场营销120202，市场营销类6204，市场营销620401，市场营销类其他专业620499"
		"办公室经理"	"工商企业管理620501，信息传播与策划670312，文化创意与策划660153，广告策划与营销620407"
		"零售商"	
		"接待员"	
		"保险代理(家庭)"	"保险学020303，保险实务620107，机动车保险实务620121，法律执行类6902，法律实务类其他专业690199，法律执行类其他专业690299，法律69，法律实务类6901，司法助理690101，金融学类0203，金融学020301，金融工程020302，金融数学020305，经济与金融020307，财政金融类6201，金融管理与实务620103，财政金融类其他专业620199"
		"管理顾问：人力资源／培训"	"人力资源管理120206，人力资源管理650204，管理科学120101"
		"信贷顾问"	
		"经营策划者
"	"工商企业管理620501，信息传播与策划670312，文化创意与策划660153，广告策划与营销620407"
	"销售／服务"		
		"飞机服务员"	
		"顾客服务代表"	
		"殡仪馆管理人员"	
		"高级理发师／美容师"	
		"旅店老板／老板娘"	
		"酒席承办者"	
		"资金筹集人"	
		"旅行推销员"	
		"环境旅游专家"	
		"不动产代理／经纪人"	
		"翻译"	
		"系谱学家"	
		"家庭保健用品销售"	"市场管理与服务620511，市场营销120202，市场营销类6204，市场营销620401，市场营销类其他专业620499"
		"体育设备／商品销售"	"市场管理与服务620511，市场营销120202，市场营销类6204，市场营销620401，市场营销类其他专业620499"
		"营销经理：无线电／电视／广播电缆工业
"	"市场管理与服务620511，市场营销120202，市场营销类6204，市场营销620401，市场营销类其他专业620499"
	"职员工作"		
		"秘书"	
		"接待员"	
		"办公室机器操作员"	
		"簿记员"	
		"打字员
"	
"ENTP
"			
	"商业/金融/管理"		
		"行政官[商业、金融、保健、娱乐]"	"金融学类0203，金融学020301，金融工程020302，金融数学020305，经济与金融020307，财政金融类6201，金融管理与实务620103，财政金融类其他专业620199"
		"金融规划师"	"金融学类0203，金融学020301，金融工程020302，金融数学020305，经济与金融020307，财政金融类6201，金融管理与实务620103，财政金融类其他专业620199"
		"饭店经理"	
		"投资银行家"	"金融学类0203，金融学020301，金融工程020302，金融数学020305，经济与金融020307，财政金融类6201，金融管理与实务620103，财政金融类其他专业620199"
		"经纪人/证券销售代理商"	"市场管理与服务620511，市场营销120202，市场营销类6204，市场营销620401，市场营销类其他专业620499"
		"管理顾问"	"公共管理类1204，公共关系学120409，公共事业类6501，公共关系650105"
		"新商业发展专家"	
		"财产经理"	"财务会计类其他专业620299，财务会计类6202，财务管理120204，会计学120203，金融学类0203，金融学020301，金融工程020302，金融数学020305，经济与金融020307，财政金融类6201，金融管理与实务620103，财政金融类其他专业620199"
		"金融分析师"	"金融学类0203，金融学020301，金融工程020302，金融数学020305，经济与金融020307，财政金融类6201，金融管理与实务620103，财政金融类其他专业620199"
		"销售经理"	"市场管理与服务620511，市场营销120202，市场营销类6204，市场营销620401，市场营销类其他专业620499"
		"培训和发展专家"	"教育学04，教育学类0401，教育学040101，科学教育040102，人文教育040103，教育技术学040104，应用心理学071102，心理学类0711，心理学071102"
		"风险投资家
"	"金融学类0203，金融学020301，金融工程020302，金融数学020305，经济与金融020307，财政金融类6201，金融管理与实务620103，财政金融类其他专业620199"
	"宣传/创意/营销 "		
		"广告总监"	"工商企业管理620501，信息传播与策划670312，文化创意与策划660153，广告策划与营销620407"
		"商业经理[艺术家、艺人、运动员]"	"艺术学理论类1301，艺术设计学130501，艺术教育660242，艺术设计类6701，艺术设计670101，产品艺术设计670102，"
		"作家"	
		"编辑"	"新闻传播学类0503，新闻学050301，新闻采编与制作670308，网络新闻与传播670316"
		"记者"	"新闻传播学类0503，新闻学050301，新闻采编与制作670308，网络新闻与传播670316"
		"文稿代理"	
		"公关总监/出版商"	
		"脱口秀主持人"	
		"舞台/电影制作人"	"音乐与舞蹈学类1302，舞蹈表演130204，舞蹈学130205，舞蹈编导130206，舞蹈编导670212，舞蹈表演670203"
		"网页开发商/设计师
"	
	"计算机/信息技术 "		
		"计算机分析师/工程师/程序员"	"计算机0809，软件工程080902，计算机应用技术590101，计算机类其他专业590199，计算机科学与技术080901"
		"计算机安全专家/信息与系统经理"	"计算机0809，软件工程080902，计算机应用技术590101，计算机类其他专业590199，计算机科学与技术080901"
		"互联网战略合作专家"	"计算机0809，软件工程080902，计算机应用技术590101，计算机类其他专业590199，计算机科学与技术080901"
		"网络整合专家"	"计算机0809，软件工程080902，计算机应用技术590101，计算机类其他专业590199，计算机科学与技术080901"
		"系统分析师
"	"计算机0809，软件工程080902，计算机应用技术590101，计算机类其他专业590199，计算机科学与技术080901"
	"教育"		
		"体育教练"	
		"教授/教师[高级
"	
	"创业/餐饮"		
		"发明家"	
		"餐厅/酒吧老板"	
		"小企业老板
"	
	"保健科学/心理学"		
		"急诊室医生/外科医生"	"临床医学类1002，临床医学100201，医学10，基础医学类1001，基础医学100110"
		"家庭医生"	"临床医学类1002，临床医学100201，医学10，基础医学类1001，基础医学100110"
		"内科医生"	"临床医学类1002，临床医学100201，医学10，基础医学类1001，基础医学100110"
		"精神科医生
"	"临床医学类1002，临床医学100201，医学10，基础医学类1001，基础医学100110"
	"政治/政府"		
		"政治家/政治经理"	
		"地区/城市规划师
"	"建筑类0828，建筑学080201，建筑设计类5601"
	"法律"		
		"律师[尤其是在破产、移民、诉讼、购并、知识产权等领域]
"	"法律执行类6902，法律实务类其他专业690199，法律执行类其他专业690299，法律69，法律实务类6901，司法助理690101"
	"专业类工作"		
		"建筑师"	"建筑类0828，建筑学080201，建筑设计类5601"
		"侦探"	"法律执行类6902，法律实务类其他专业690199，法律执行类其他专业690299，法律69，法律实务类6901，司法助理690101"
		"工业工程师"	"土木类0810，土木工程081001，土木工程检测技术560304"
		"工业心理学家
"	"应用心理学071102，心理学类0711，心理学071102"
